year,fueltype,emissions
2023,Gasoline,3982993.455706393
2023,Diesel,1537399.649152825
2023,CNG,24210.208459090376
2023,E85,7029.021602889598
